channel,rise_fall,sharp_flat,fingering/chord,lyrics,ipad_color(105),ipad_rows,ipad_col(107),length(109),height(110),flip_view,Bar No(40),Beats per Bar(40),tempo (40),Z-level,Content
0,,,,,,,80,,,3.5.1,,,,1,
0,,,,,,,80,,,,,,,1,
0,,,,,,,80,,,,,,,1,
0,,,,,,,80,,,,,,,1,
0,,,,,,,80,,,,,,,1,
1,,,,,,889,2049,482,25,1,17,17,255,2,
1,,,,,,989,2049,482,25,1,0,0,0,2,
1,,,,,,639,2049,25,25,1,0,0,0,2,
1,,#,230,230,230,589,2079,25,25,1,255,2,2,2,
1,,,,,,539,2109,25,25,1,17,17,255,2,
1,,#,230,230,230,589,2139,25,25,1,255,2,2,2,
1,,,,,,639,2171,25,25,1,0,0,0,2,
1,,#,230,230,230,589,2201,25,25,1,255,2,2,2,
1,,,,,,539,2231,25,25,1,17,17,255,2,
1,,#,230,230,230,589,2261,25,25,1,255,2,2,2,
1,,,,,,639,2294,25,25,1,0,0,0,2,
1,,#,230,230,230,589,2324,25,25,1,255,2,2,2,
1,,,,,,539,2354,25,25,1,17,17,255,2,
1,,#,230,230,230,589,2384,25,25,1,255,2,2,2,
1,,,,,,639,2416,25,25,1,0,0,0,2,
1,,#,230,230,230,589,2446,25,25,1,255,2,2,2,
1,,,,,,539,2476,25,25,1,17,17,255,2,
1,,#,230,230,230,589,2506,25,25,1,255,2,2,2,
0,,,,,,,80,,,,,,,1,
1,,,,,,889,2540,482,25,1,17,17,255,2,
1,,#,0,0,0,1014,2540,482,25,1,178,125,255,2,
1,,#,0,0,0,664,2540,25,25,1,178,125,255,2,
1,,#,230,230,230,589,2570,25,25,1,255,2,2,2,
1,,,,,,539,2600,25,25,1,17,17,255,2,
1,,#,230,230,230,589,2630,25,25,1,255,2,2,2,
1,,#,0,0,0,664,2662,25,25,1,178,125,255,2,
1,,#,230,230,230,589,2692,25,25,1,255,2,2,2,
1,,,,,,539,2722,25,25,1,17,17,255,2,
1,,#,230,230,230,589,2752,25,25,1,255,2,2,2,
1,,#,0,0,0,664,2785,25,25,1,178,125,255,2,
1,,#,230,230,230,589,2815,25,25,1,255,2,2,2,
1,,,,,,539,2845,25,25,1,17,17,255,2,
1,,#,230,230,230,589,2875,25,25,1,255,2,2,2,
1,,#,0,0,0,664,2907,25,25,1,178,125,255,2,
1,,#,230,230,230,589,2937,25,25,1,255,2,2,2,
1,,,,,,539,2967,25,25,1,17,17,255,2,
1,,#,230,230,230,589,2997,25,25,1,255,2,2,2,
0,,,,,,,80,,,,,,,1,
1,,#,230,230,230,939,3031,482,25,1,255,2,2,2,
1,,#,0,0,0,1039,3031,482,25,1,45,255,45,2,
1,,#,0,0,0,689,3031,25,25,1,45,255,45,2,
1,,#,230,230,230,589,3061,25,25,1,255,2,2,2,
1,,#,0,0,0,514,3091,25,25,1,45,255,45,2,
1,,#,230,230,230,589,3121,25,25,1,255,2,2,2,
1,,#,0,0,0,689,3153,25,25,1,45,255,45,2,
1,,#,230,230,230,589,3183,25,25,1,255,2,2,2,
1,,#,0,0,0,514,3213,25,25,1,45,255,45,2,
1,,#,230,230,230,589,3243,25,25,1,255,2,2,2,
1,,#,0,0,0,689,3276,25,25,1,45,255,45,2,
1,,#,230,230,230,589,3306,25,25,1,255,2,2,2,
1,,#,0,0,0,514,3336,25,25,1,45,255,45,2,
1,,#,230,230,230,589,3366,25,25,1,255,2,2,2,
1,,#,0,0,0,689,3398,25,25,1,45,255,45,2,
1,,#,230,230,230,589,3428,25,25,1,255,2,2,2,
1,,#,0,0,0,514,3458,25,25,1,45,255,45,2,
1,,#,230,230,230,589,3488,25,25,1,255,2,2,2,
0,,,,,,,80,,,,,,,1,
1,,,,,,989,3522,482,25,1,0,0,0,2,
1,,,,,,1089,3522,482,25,1,151,71,6,2,
1,,,,,,639,3522,25,25,1,0,0,0,2,
1,,,,,,564,3552,25,25,1,151,71,6,2,
1,,#,0,0,0,514,3582,25,25,1,45,255,45,2,
1,,,,,,564,3612,25,25,1,151,71,6,2,
1,,,,,,639,3644,25,25,1,0,0,0,2,
1,,,,,,564,3674,25,25,1,151,71,6,2,
1,,#,0,0,0,514,3704,25,25,1,45,255,45,2,
1,,,,,,564,3734,25,25,1,151,71,6,2,
1,,,,,,639,3767,25,25,1,0,0,0,2,
1,,,,,,564,3797,25,25,1,151,71,6,2,
1,,#,0,0,0,514,3827,25,25,1,45,255,45,2,
1,,,,,,564,3857,25,25,1,151,71,6,2,
1,,,,,,539,3889,179,25,1,17,17,255,2,
1,,#,0,0,0,689,3889,25,25,1,45,255,45,2,
1,,,,,,639,3919,25,25,1,0,0,0,2,
1,,,,,,564,3949,25,25,1,151,71,6,2,
1,,,,,,639,3979,25,25,1,0,0,0,2,
0,,,,,,,80,,,,,,,1,
1,,#,230,230,230,589,4073,177,25,1,255,2,2,2,
1,,,,,,614,4380,25,25,1,255,255,0,2,
1,,,,,,639,4410,85,25,1,0,0,0,2,
0,,,,,,,80,,,,,,,1,
1,,,,,,539,4626,25,25,1,17,17,255,2,
1,,,,,,539,4656,55,25,1,17,17,255,2,
1,,#,230,230,230,589,4716,148,25,1,255,2,2,2,
1,,,,,,614,4871,25,25,1,255,255,0,2,
1,,,,,,639,4901,85,25,1,0,0,0,2,
0,,,,,,,80,,,,,,,1,
1,,,,,,539,5117,55,25,1,17,17,255,2,
1,,,,,,539,5177,25,25,1,17,17,255,2,
1,,#,230,230,230,589,5207,148,25,1,255,2,2,2,
1,,,,,,614,5362,25,25,1,255,255,0,2,
1,,,,,,639,5392,85,25,1,0,0,0,2,
0,,,,,,,80,,,,,,,1,
1,,,,,,539,5608,25,25,1,17,17,255,2,
1,,,,,,539,5638,85,25,1,17,17,255,2,
1,,#,230,230,230,589,5731,85,25,1,255,2,2,2,
1,,,,,,614,5821,117,25,1,255,255,0,2,
1,,,,,,639,5943,89,25,1,0,0,0,2,
0,,,,,,,80,,,,,,,1,
1,,,,,,539,6037,117,25,1,17,17,255,2,
1,,#,230,230,230,589,6159,178,25,1,255,2,2,2,
1,,,,,,614,6344,25,25,1,255,255,0,2,
1,,,,,,639,6374,85,25,1,0,0,0,2,
0,,,,,,,80,,,,,,,1,
1,,#,0,0,0,514,6468,115,25,1,45,255,45,2,
1,,#,230,230,230,589,6590,115,25,1,255,2,2,2,
1,,,,,,639,6713,115,25,1,0,0,0,2,
1,,,,,,614,6865,55,25,1,255,255,0,2,
1,,,,,,639,6925,25,25,1,0,0,0,2,
0,,,,,,,80,,,,,,,1,
1,,#,0,0,0,689,6959,55,25,1,45,255,45,2,
1,,#,0,0,0,689,7019,25,25,1,45,255,45,2,
1,,,,,,639,7049,87,25,1,0,0,0,2,
1,,#,0,0,0,689,7141,55,25,1,45,255,45,2,
1,,#,0,0,0,689,7356,25,25,1,45,255,45,2,
1,,#,0,0,0,689,7386,25,25,1,45,255,45,2,
1,,#,0,0,0,689,7416,25,25,1,45,255,45,2,
0,,,,,,,80,,,,,,,1,
1,,,,,,614,7450,25,25,1,255,255,0,2,
1,,,,,,639,7480,25,25,1,0,0,0,2,
1,,,,,,614,7510,117,25,1,255,255,0,2,
1,,#,230,230,230,589,7632,178,25,1,255,2,2,2,
0,,,,,,,80,,,,,,,1,
1,,,,,,539,7941,115,25,1,17,17,255,2,
1,,#,230,230,230,589,8063,115,25,1,255,2,2,2,
1,,#,0,0,0,514,8308,25,25,1,45,255,45,2,
1,,,,,,539,8338,25,25,1,17,17,255,2,
1,,,,,,539,8368,25,25,1,17,17,255,2,
1,,,,,,539,8398,119,25,1,17,17,255,2,
0,,,,,,,80,,,,,,,1,
1,,,,,,539,8522,25,25,1,17,17,255,2,
1,,,,,,564,8554,25,25,1,151,71,6,2,
1,,#,230,230,230,589,8584,85,25,1,255,2,2,2,
1,,#,230,230,230,589,8799,25,25,1,255,2,2,2,
1,,#,230,230,230,589,8829,85,25,1,255,2,2,2,
0,,,,,,,80,,,,,,,1,
1,,#,0,0,0,689,8923,55,25,1,45,255,45,2,
1,,#,0,0,0,689,8983,25,25,1,45,255,45,2,
1,,,,,,639,9013,117,25,1,0,0,0,2,
1,,#,0,0,0,689,9135,148,25,1,45,255,45,2,
1,,,,,,714,9320,25,25,1,17,17,255,2,
1,,#,0,0,0,689,9350,55,25,1,45,255,45,2,
0,,,,,,,80,,,,,,,1,
1,,,,,,614,9414,25,25,1,255,255,0,2,
1,,,,,,639,9444,25,25,1,0,0,0,2,
1,,,,,,614,9474,87,25,1,255,255,0,2,
1,,,,,,614,9566,25,25,1,255,255,0,2,
1,,,,,,639,9596,25,25,1,0,0,0,2,
1,,,,,,614,9626,148,25,1,255,255,0,2,
1,,,,,,639,9871,25,25,1,0,0,0,2,
11,,,,,,51,81,2,1386,,0,50,0,1,
14,,,,,,200,142,1,1236,,0,50,0,1,
13,,,,,,200,202,3,1236,,0,50,0,1,
14,,,,,,200,264,1,1236,,0,50,0,1,
12,,,,,,200,324,1,1236,,0,50,0,1,
12,,,,,,200,327,1,1236,,0,50,0,1,
14,,,,,,200,387,1,1236,,0,50,0,1,
13,,,,,,200,447,3,1236,,0,50,0,1,
14,,,,,,200,509,1,1236,,0,50,0,1,
11,,,,,,51,569,3,1386,,0,50,0,1,
42,,,,,,,81,491,,,1,4,,1,
41,151,231,,,,191,85,120,40,,1,1,57,1,0.263157894736842
41,151,231,,,,191,207,120,40,,1,2,57,1,0.263157894736842
41,151,231,,,,191,330,120,40,,1,3,57,1,0.263157894736842
41,151,231,,,,191,452,120,40,,1,4,57,1,0.263157894736842
31,,,,,,51,85,482,50,,255,255,255,1,1 of 20
32,,,,,,101,85,482,50,,255,255,255,1,4 / 4
33,,,,,,151,85,482,50,,250,250,100,1,A
39,,,,,,1,85,1000,50,,255,255,255,1,sly_demo3
11,,,,,,51,572,2,1386,,0,50,0,1,
14,,,,,,200,633,1,1236,,0,50,0,1,
13,,,,,,200,693,3,1236,,0,50,0,1,
14,,,,,,200,755,1,1236,,0,50,0,1,
12,,,,,,200,815,1,1236,,0,50,0,1,
12,,,,,,200,818,1,1236,,0,50,0,1,
14,,,,,,200,878,1,1236,,0,50,0,1,
13,,,,,,200,938,3,1236,,0,50,0,1,
14,,,,,,200,1000,1,1236,,0,50,0,1,
11,,,,,,51,1060,3,1386,,0,50,0,1,
42,,,,,,,572,491,,,2,4,,1,
41,151,231,,,,191,576,120,40,,2,1,57,1,0.263157894736842
41,151,231,,,,191,698,120,40,,2,2,57,1,0.263157894736842
41,151,231,,,,191,821,120,40,,2,3,57,1,0.263157894736842
41,151,231,,,,191,943,120,40,,2,4,57,1,0.263157894736842
31,,,,,,51,576,482,50,,255,255,255,1,2 of 20
32,,,,,,101,576,482,50,,255,255,255,1,4 / 4
33,,,,,,151,576,482,50,,250,250,100,1,A
39,,,,,,1,576,1000,50,,255,255,255,1,sly_demo3
11,,,,,,51,1063,2,1386,,0,50,0,1,
14,,,,,,200,1124,1,1236,,0,50,0,1,
13,,,,,,200,1184,3,1236,,0,50,0,1,
14,,,,,,200,1246,1,1236,,0,50,0,1,
12,,,,,,200,1306,1,1236,,0,50,0,1,
12,,,,,,200,1309,1,1236,,0,50,0,1,
14,,,,,,200,1369,1,1236,,0,50,0,1,
13,,,,,,200,1429,3,1236,,0,50,0,1,
14,,,,,,200,1491,1,1236,,0,50,0,1,
11,,,,,,51,1551,3,1386,,0,50,0,1,
42,,,,,,,1063,491,,1,3,4,,1,
41,151,231,,,,191,1067,120,40,,3,1,57,1,0.263157894736842
41,151,231,,,,191,1189,120,40,,3,2,57,1,0.263157894736842
41,151,231,,,,191,1312,120,40,,3,3,57,1,0.263157894736842
41,151,231,,,,191,1434,120,40,,3,4,57,1,0.263157894736842
31,,,,,,51,1067,482,50,,255,255,255,1,3 of 20
32,,,,,,101,1067,482,50,,255,255,255,1,4 / 4
33,,,,,,151,1067,482,50,,250,250,100,1,A
39,,,,,,1,1067,1000,50,,255,255,255,1,sly_demo3
11,,,,,,51,1554,2,1386,,0,50,0,1,
14,,,,,,200,1615,1,1236,,0,50,0,1,
13,,,,,,200,1675,3,1236,,0,50,0,1,
14,,,,,,200,1737,1,1236,,0,50,0,1,
12,,,,,,200,1797,1,1236,,0,50,0,1,
12,,,,,,200,1800,1,1236,,0,50,0,1,
14,,,,,,200,1860,1,1236,,0,50,0,1,
13,,,,,,200,1920,3,1236,,0,50,0,1,
14,,,,,,200,1982,1,1236,,0,50,0,1,
11,,,,,,51,2042,3,1386,,0,50,0,1,
42,,,,,,,1554,491,,,4,4,,1,
41,151,231,,,,191,1558,120,40,,4,1,57,1,0.263157894736842
41,151,231,,,,191,1680,120,40,,4,2,57,1,0.263157894736842
41,151,231,,,,191,1803,120,40,,4,3,57,1,0.263157894736842
41,151,231,,,,191,1925,120,40,,4,4,57,1,0.263157894736842
31,,,,,,51,1558,482,50,,255,255,255,1,4 of 20
32,,,,,,101,1558,482,50,,255,255,255,1,4 / 4
33,,,,,,151,1558,482,50,,250,250,100,1,A
39,,,,,,1,1558,1000,50,,255,255,255,1,sly_demo3
11,,,,,,51,2045,2,1386,,0,50,0,1,
14,,,,,,200,2106,1,1236,,0,50,0,1,
13,,,,,,200,2166,3,1236,,0,50,0,1,
14,,,,,,200,2228,1,1236,,0,50,0,1,
12,,,,,,200,2288,1,1236,,0,50,0,1,
12,,,,,,200,2291,1,1236,,0,50,0,1,
14,,,,,,200,2351,1,1236,,0,50,0,1,
13,,,,,,200,2411,3,1236,,0,50,0,1,
14,,,,,,200,2473,1,1236,,0,50,0,1,
11,,,,,,51,2533,3,1386,,0,50,0,1,
42,,,,,,,2045,491,,,5,4,,1,
41,151,231,,,,191,2049,120,40,,5,1,57,1,0.263157894736842
41,151,231,,,,191,2171,120,40,,5,2,57,1,0.263157894736842
41,151,231,,,,191,2294,120,40,,5,3,57,1,0.263157894736842
41,151,231,,,,191,2416,120,40,,5,4,57,1,0.263157894736842
31,,,,,,51,2049,482,50,,255,255,255,1,5 of 20
32,,,,,,101,2049,482,50,,255,255,255,1,4 / 4
33,,,,,,151,2049,482,50,,250,250,100,1,A
39,,,,,,1,2049,1000,50,,255,255,255,1,sly_demo3
51,,,,,,331,2049,482,8,,225,225,225,1,
51,,,,,,322,2049,482,8,,200,200,200,1,
51,,,,,,313,2049,482,8,,175,175,175,1,
51,,,,,,304,2049,482,8,,150,150,150,1,
51,,,,,,295,2049,482,8,,125,125,125,1,
51,,,,,,331,2049,482,8,,225,225,225,1,
51,,,,,,322,2049,482,8,,200,200,200,1,
51,,,,,,313,2049,482,8,,175,175,175,1,
51,,,,,,304,2049,482,8,,150,150,150,1,
51,,,,,,295,2049,482,8,,125,125,125,1,
51,,,,,,331,2049,25,8,,225,225,225,1,
51,,,,,,322,2049,25,8,,200,200,200,1,
51,,,,,,313,2049,25,8,,175,175,175,1,
51,,,,,,304,2049,25,8,,150,150,150,1,
51,,,,,,295,2049,25,8,,125,125,125,1,
51,,,,,,331,2079,25,8,,225,225,225,1,
51,,,,,,322,2079,25,8,,200,200,200,1,
51,,,,,,313,2079,25,8,,175,175,175,1,
51,,,,,,304,2079,25,8,,150,150,150,1,
51,,,,,,295,2079,25,8,,125,125,125,1,
51,,,,,,331,2109,25,8,,225,225,225,1,
51,,,,,,322,2109,25,8,,200,200,200,1,
51,,,,,,313,2109,25,8,,175,175,175,1,
51,,,,,,304,2109,25,8,,150,150,150,1,
51,,,,,,295,2109,25,8,,125,125,125,1,
51,,,,,,331,2139,25,8,,225,225,225,1,
51,,,,,,322,2139,25,8,,200,200,200,1,
51,,,,,,313,2139,25,8,,175,175,175,1,
51,,,,,,304,2139,25,8,,150,150,150,1,
51,,,,,,295,2139,25,8,,125,125,125,1,
51,,,,,,331,2171,25,8,,225,225,225,1,
51,,,,,,322,2171,25,8,,200,200,200,1,
51,,,,,,313,2171,25,8,,175,175,175,1,
51,,,,,,304,2171,25,8,,150,150,150,1,
51,,,,,,295,2171,25,8,,125,125,125,1,
51,,,,,,331,2201,25,8,,225,225,225,1,
51,,,,,,322,2201,25,8,,200,200,200,1,
51,,,,,,313,2201,25,8,,175,175,175,1,
51,,,,,,304,2201,25,8,,150,150,150,1,
51,,,,,,295,2201,25,8,,125,125,125,1,
51,,,,,,331,2231,25,8,,225,225,225,1,
51,,,,,,322,2231,25,8,,200,200,200,1,
51,,,,,,313,2231,25,8,,175,175,175,1,
51,,,,,,304,2231,25,8,,150,150,150,1,
51,,,,,,295,2231,25,8,,125,125,125,1,
51,,,,,,331,2261,25,8,,225,225,225,1,
51,,,,,,322,2261,25,8,,200,200,200,1,
51,,,,,,313,2261,25,8,,175,175,175,1,
51,,,,,,304,2261,25,8,,150,150,150,1,
51,,,,,,295,2261,25,8,,125,125,125,1,
51,,,,,,331,2294,25,8,,225,225,225,1,
51,,,,,,322,2294,25,8,,200,200,200,1,
51,,,,,,313,2294,25,8,,175,175,175,1,
51,,,,,,304,2294,25,8,,150,150,150,1,
51,,,,,,295,2294,25,8,,125,125,125,1,
51,,,,,,331,2324,25,8,,225,225,225,1,
51,,,,,,322,2324,25,8,,200,200,200,1,
51,,,,,,313,2324,25,8,,175,175,175,1,
51,,,,,,304,2324,25,8,,150,150,150,1,
51,,,,,,295,2324,25,8,,125,125,125,1,
51,,,,,,331,2354,25,8,,225,225,225,1,
51,,,,,,322,2354,25,8,,200,200,200,1,
51,,,,,,313,2354,25,8,,175,175,175,1,
51,,,,,,304,2354,25,8,,150,150,150,1,
51,,,,,,295,2354,25,8,,125,125,125,1,
51,,,,,,331,2384,25,8,,225,225,225,1,
51,,,,,,322,2384,25,8,,200,200,200,1,
51,,,,,,313,2384,25,8,,175,175,175,1,
51,,,,,,304,2384,25,8,,150,150,150,1,
51,,,,,,295,2384,25,8,,125,125,125,1,
51,,,,,,331,2416,25,8,,225,225,225,1,
51,,,,,,322,2416,25,8,,200,200,200,1,
51,,,,,,313,2416,25,8,,175,175,175,1,
51,,,,,,304,2416,25,8,,150,150,150,1,
51,,,,,,295,2416,25,8,,125,125,125,1,
51,,,,,,331,2446,25,8,,225,225,225,1,
51,,,,,,322,2446,25,8,,200,200,200,1,
51,,,,,,313,2446,25,8,,175,175,175,1,
51,,,,,,304,2446,25,8,,150,150,150,1,
51,,,,,,295,2446,25,8,,125,125,125,1,
51,,,,,,331,2476,25,8,,225,225,225,1,
51,,,,,,322,2476,25,8,,200,200,200,1,
51,,,,,,313,2476,25,8,,175,175,175,1,
51,,,,,,304,2476,25,8,,150,150,150,1,
51,,,,,,295,2476,25,8,,125,125,125,1,
51,,,,,,331,2506,25,8,,225,225,225,1,
51,,,,,,322,2506,25,8,,200,200,200,1,
51,,,,,,313,2506,25,8,,175,175,175,1,
51,,,,,,304,2506,25,8,,150,150,150,1,
51,,,,,,295,2506,25,8,,125,125,125,1,
11,,,,,,51,2536,2,1386,,0,50,0,1,
14,,,,,,200,2597,1,1236,,0,50,0,1,
13,,,,,,200,2657,3,1236,,0,50,0,1,
14,,,,,,200,2719,1,1236,,0,50,0,1,
12,,,,,,200,2779,1,1236,,0,50,0,1,
12,,,,,,200,2782,1,1236,,0,50,0,1,
14,,,,,,200,2842,1,1236,,0,50,0,1,
13,,,,,,200,2902,3,1236,,0,50,0,1,
14,,,,,,200,2964,1,1236,,0,50,0,1,
11,,,,,,51,3024,3,1386,,0,50,0,1,
42,,,,,,,2536,491,,1,6,4,,1,
41,151,231,,,,191,2540,120,40,,6,1,57,1,0.263157894736842
41,151,231,,,,191,2662,120,40,,6,2,57,1,0.263157894736842
41,151,231,,,,191,2785,120,40,,6,3,57,1,0.263157894736842
41,151,231,,,,191,2907,120,40,,6,4,57,1,0.263157894736842
31,,,,,,51,2540,482,50,,255,255,255,1,6 of 20
32,,,,,,101,2540,482,50,,255,255,255,1,4 / 4
33,,,,,,151,2540,482,50,,250,250,100,1,A
39,,,,,,1,2540,1000,50,,255,255,255,1,sly_demo3
51,,,,,,331,2540,482,8,,225,225,225,1,
51,,,,,,322,2540,482,8,,200,200,200,1,
51,,,,,,313,2540,482,8,,175,175,175,1,
51,,,,,,304,2540,482,8,,150,150,150,1,
51,,,,,,295,2540,482,8,,125,125,125,1,
51,,,,,,331,2540,482,8,,225,225,225,1,
51,,,,,,322,2540,482,8,,200,200,200,1,
51,,,,,,313,2540,482,8,,175,175,175,1,
51,,,,,,304,2540,482,8,,150,150,150,1,
51,,,,,,295,2540,482,8,,125,125,125,1,
51,,,,,,331,2540,25,8,,225,225,225,1,
51,,,,,,322,2540,25,8,,200,200,200,1,
51,,,,,,313,2540,25,8,,175,175,175,1,
51,,,,,,304,2540,25,8,,150,150,150,1,
51,,,,,,295,2540,25,8,,125,125,125,1,
51,,,,,,331,2570,25,8,,225,225,225,1,
51,,,,,,322,2570,25,8,,200,200,200,1,
51,,,,,,313,2570,25,8,,175,175,175,1,
51,,,,,,304,2570,25,8,,150,150,150,1,
51,,,,,,295,2570,25,8,,125,125,125,1,
51,,,,,,331,2600,25,8,,225,225,225,1,
51,,,,,,322,2600,25,8,,200,200,200,1,
51,,,,,,313,2600,25,8,,175,175,175,1,
51,,,,,,304,2600,25,8,,150,150,150,1,
51,,,,,,295,2600,25,8,,125,125,125,1,
51,,,,,,331,2630,25,8,,225,225,225,1,
51,,,,,,322,2630,25,8,,200,200,200,1,
51,,,,,,313,2630,25,8,,175,175,175,1,
51,,,,,,304,2630,25,8,,150,150,150,1,
51,,,,,,295,2630,25,8,,125,125,125,1,
51,,,,,,331,2662,25,8,,225,225,225,1,
51,,,,,,322,2662,25,8,,200,200,200,1,
51,,,,,,313,2662,25,8,,175,175,175,1,
51,,,,,,304,2662,25,8,,150,150,150,1,
51,,,,,,295,2662,25,8,,125,125,125,1,
51,,,,,,331,2692,25,8,,225,225,225,1,
51,,,,,,322,2692,25,8,,200,200,200,1,
51,,,,,,313,2692,25,8,,175,175,175,1,
51,,,,,,304,2692,25,8,,150,150,150,1,
51,,,,,,295,2692,25,8,,125,125,125,1,
51,,,,,,331,2722,25,8,,225,225,225,1,
51,,,,,,322,2722,25,8,,200,200,200,1,
51,,,,,,313,2722,25,8,,175,175,175,1,
51,,,,,,304,2722,25,8,,150,150,150,1,
51,,,,,,295,2722,25,8,,125,125,125,1,
51,,,,,,331,2752,25,8,,225,225,225,1,
51,,,,,,322,2752,25,8,,200,200,200,1,
51,,,,,,313,2752,25,8,,175,175,175,1,
51,,,,,,304,2752,25,8,,150,150,150,1,
51,,,,,,295,2752,25,8,,125,125,125,1,
51,,,,,,331,2785,25,8,,225,225,225,1,
51,,,,,,322,2785,25,8,,200,200,200,1,
51,,,,,,313,2785,25,8,,175,175,175,1,
51,,,,,,304,2785,25,8,,150,150,150,1,
51,,,,,,295,2785,25,8,,125,125,125,1,
51,,,,,,331,2815,25,8,,225,225,225,1,
51,,,,,,322,2815,25,8,,200,200,200,1,
51,,,,,,313,2815,25,8,,175,175,175,1,
51,,,,,,304,2815,25,8,,150,150,150,1,
51,,,,,,295,2815,25,8,,125,125,125,1,
51,,,,,,331,2845,25,8,,225,225,225,1,
51,,,,,,322,2845,25,8,,200,200,200,1,
51,,,,,,313,2845,25,8,,175,175,175,1,
51,,,,,,304,2845,25,8,,150,150,150,1,
51,,,,,,295,2845,25,8,,125,125,125,1,
51,,,,,,331,2875,25,8,,225,225,225,1,
51,,,,,,322,2875,25,8,,200,200,200,1,
51,,,,,,313,2875,25,8,,175,175,175,1,
51,,,,,,304,2875,25,8,,150,150,150,1,
51,,,,,,295,2875,25,8,,125,125,125,1,
51,,,,,,331,2907,25,8,,225,225,225,1,
51,,,,,,322,2907,25,8,,200,200,200,1,
51,,,,,,313,2907,25,8,,175,175,175,1,
51,,,,,,304,2907,25,8,,150,150,150,1,
51,,,,,,295,2907,25,8,,125,125,125,1,
51,,,,,,331,2937,25,8,,225,225,225,1,
51,,,,,,322,2937,25,8,,200,200,200,1,
51,,,,,,313,2937,25,8,,175,175,175,1,
51,,,,,,304,2937,25,8,,150,150,150,1,
51,,,,,,295,2937,25,8,,125,125,125,1,
51,,,,,,331,2967,25,8,,225,225,225,1,
51,,,,,,322,2967,25,8,,200,200,200,1,
51,,,,,,313,2967,25,8,,175,175,175,1,
51,,,,,,304,2967,25,8,,150,150,150,1,
51,,,,,,295,2967,25,8,,125,125,125,1,
51,,,,,,331,2997,25,8,,225,225,225,1,
51,,,,,,322,2997,25,8,,200,200,200,1,
51,,,,,,313,2997,25,8,,175,175,175,1,
51,,,,,,304,2997,25,8,,150,150,150,1,
51,,,,,,295,2997,25,8,,125,125,125,1,
11,,,,,,51,3027,2,1386,,0,50,0,1,
14,,,,,,200,3088,1,1236,,0,50,0,1,
13,,,,,,200,3148,3,1236,,0,50,0,1,
14,,,,,,200,3210,1,1236,,0,50,0,1,
12,,,,,,200,3270,1,1236,,0,50,0,1,
12,,,,,,200,3273,1,1236,,0,50,0,1,
14,,,,,,200,3333,1,1236,,0,50,0,1,
13,,,,,,200,3393,3,1236,,0,50,0,1,
14,,,,,,200,3455,1,1236,,0,50,0,1,
11,,,,,,51,3515,3,1386,,0,50,0,1,
42,,,,,,,3027,491,,,7,4,,1,
41,151,231,,,,191,3031,120,40,,7,1,57,1,0.263157894736842
41,151,231,,,,191,3153,120,40,,7,2,57,1,0.263157894736842
41,151,231,,,,191,3276,120,40,,7,3,57,1,0.263157894736842
41,151,231,,,,191,3398,120,40,,7,4,57,1,0.263157894736842
31,,,,,,51,3031,482,50,,255,255,255,1,7 of 20
32,,,,,,101,3031,482,50,,255,255,255,1,4 / 4
33,,,,,,151,3031,482,50,,250,250,100,1,A
39,,,,,,1,3031,1000,50,,255,255,255,1,sly_demo3
51,,,,,,331,3031,482,8,,225,225,225,1,
51,,,,,,322,3031,482,8,,200,200,200,1,
51,,,,,,313,3031,482,8,,175,175,175,1,
51,,,,,,304,3031,482,8,,150,150,150,1,
51,,,,,,295,3031,482,8,,125,125,125,1,
51,,,,,,331,3031,482,8,,225,225,225,1,
51,,,,,,322,3031,482,8,,200,200,200,1,
51,,,,,,313,3031,482,8,,175,175,175,1,
51,,,,,,304,3031,482,8,,150,150,150,1,
51,,,,,,295,3031,482,8,,125,125,125,1,
51,,,,,,331,3031,25,8,,225,225,225,1,
51,,,,,,322,3031,25,8,,200,200,200,1,
51,,,,,,313,3031,25,8,,175,175,175,1,
51,,,,,,304,3031,25,8,,150,150,150,1,
51,,,,,,295,3031,25,8,,125,125,125,1,
51,,,,,,331,3061,25,8,,225,225,225,1,
51,,,,,,322,3061,25,8,,200,200,200,1,
51,,,,,,313,3061,25,8,,175,175,175,1,
51,,,,,,304,3061,25,8,,150,150,150,1,
51,,,,,,295,3061,25,8,,125,125,125,1,
51,,,,,,331,3091,25,8,,225,225,225,1,
51,,,,,,322,3091,25,8,,200,200,200,1,
51,,,,,,313,3091,25,8,,175,175,175,1,
51,,,,,,304,3091,25,8,,150,150,150,1,
51,,,,,,295,3091,25,8,,125,125,125,1,
51,,,,,,331,3121,25,8,,225,225,225,1,
51,,,,,,322,3121,25,8,,200,200,200,1,
51,,,,,,313,3121,25,8,,175,175,175,1,
51,,,,,,304,3121,25,8,,150,150,150,1,
51,,,,,,295,3121,25,8,,125,125,125,1,
51,,,,,,331,3153,25,8,,225,225,225,1,
51,,,,,,322,3153,25,8,,200,200,200,1,
51,,,,,,313,3153,25,8,,175,175,175,1,
51,,,,,,304,3153,25,8,,150,150,150,1,
51,,,,,,295,3153,25,8,,125,125,125,1,
51,,,,,,331,3183,25,8,,225,225,225,1,
51,,,,,,322,3183,25,8,,200,200,200,1,
51,,,,,,313,3183,25,8,,175,175,175,1,
51,,,,,,304,3183,25,8,,150,150,150,1,
51,,,,,,295,3183,25,8,,125,125,125,1,
51,,,,,,331,3213,25,8,,225,225,225,1,
51,,,,,,322,3213,25,8,,200,200,200,1,
51,,,,,,313,3213,25,8,,175,175,175,1,
51,,,,,,304,3213,25,8,,150,150,150,1,
51,,,,,,295,3213,25,8,,125,125,125,1,
51,,,,,,331,3243,25,8,,225,225,225,1,
51,,,,,,322,3243,25,8,,200,200,200,1,
51,,,,,,313,3243,25,8,,175,175,175,1,
51,,,,,,304,3243,25,8,,150,150,150,1,
51,,,,,,295,3243,25,8,,125,125,125,1,
51,,,,,,331,3276,25,8,,225,225,225,1,
51,,,,,,322,3276,25,8,,200,200,200,1,
51,,,,,,313,3276,25,8,,175,175,175,1,
51,,,,,,304,3276,25,8,,150,150,150,1,
51,,,,,,295,3276,25,8,,125,125,125,1,
51,,,,,,331,3306,25,8,,225,225,225,1,
51,,,,,,322,3306,25,8,,200,200,200,1,
51,,,,,,313,3306,25,8,,175,175,175,1,
51,,,,,,304,3306,25,8,,150,150,150,1,
51,,,,,,295,3306,25,8,,125,125,125,1,
51,,,,,,331,3336,25,8,,225,225,225,1,
51,,,,,,322,3336,25,8,,200,200,200,1,
51,,,,,,313,3336,25,8,,175,175,175,1,
51,,,,,,304,3336,25,8,,150,150,150,1,
51,,,,,,295,3336,25,8,,125,125,125,1,
51,,,,,,331,3366,25,8,,225,225,225,1,
51,,,,,,322,3366,25,8,,200,200,200,1,
51,,,,,,313,3366,25,8,,175,175,175,1,
51,,,,,,304,3366,25,8,,150,150,150,1,
51,,,,,,295,3366,25,8,,125,125,125,1,
51,,,,,,331,3398,25,8,,225,225,225,1,
51,,,,,,322,3398,25,8,,200,200,200,1,
51,,,,,,313,3398,25,8,,175,175,175,1,
51,,,,,,304,3398,25,8,,150,150,150,1,
51,,,,,,295,3398,25,8,,125,125,125,1,
51,,,,,,331,3428,25,8,,225,225,225,1,
51,,,,,,322,3428,25,8,,200,200,200,1,
51,,,,,,313,3428,25,8,,175,175,175,1,
51,,,,,,304,3428,25,8,,150,150,150,1,
51,,,,,,295,3428,25,8,,125,125,125,1,
51,,,,,,331,3458,25,8,,225,225,225,1,
51,,,,,,322,3458,25,8,,200,200,200,1,
51,,,,,,313,3458,25,8,,175,175,175,1,
51,,,,,,304,3458,25,8,,150,150,150,1,
51,,,,,,295,3458,25,8,,125,125,125,1,
51,,,,,,331,3488,25,8,,225,225,225,1,
51,,,,,,322,3488,25,8,,200,200,200,1,
51,,,,,,313,3488,25,8,,175,175,175,1,
51,,,,,,304,3488,25,8,,150,150,150,1,
51,,,,,,295,3488,25,8,,125,125,125,1,
11,,,,,,51,3518,2,1386,,0,50,0,1,
14,,,,,,200,3579,1,1236,,0,50,0,1,
13,,,,,,200,3639,3,1236,,0,50,0,1,
14,,,,,,200,3701,1,1236,,0,50,0,1,
12,,,,,,200,3761,1,1236,,0,50,0,1,
12,,,,,,200,3764,1,1236,,0,50,0,1,
14,,,,,,200,3824,1,1236,,0,50,0,1,
13,,,,,,200,3884,3,1236,,0,50,0,1,
14,,,,,,200,3946,1,1236,,0,50,0,1,
11,,,,,,51,4006,3,1386,,0,50,0,1,
42,,,,,,,3518,491,,,8,4,,1,
41,151,231,,,,191,3522,120,40,,8,1,57,1,0.263157894736842
41,151,231,,,,191,3644,120,40,,8,2,57,1,0.263157894736842
41,151,231,,,,191,3767,120,40,,8,3,57,1,0.263157894736842
41,151,231,,,,191,3889,120,40,,8,4,57,1,0.263157894736842
31,,,,,,51,3522,482,50,,255,255,255,1,8 of 20
32,,,,,,101,3522,482,50,,255,255,255,1,4 / 4
33,,,,,,151,3522,482,50,,250,250,100,1,A
39,,,,,,1,3522,1000,50,,255,255,255,1,sly_demo3
51,,,,,,331,3522,482,8,,225,225,225,1,
51,,,,,,322,3522,482,8,,200,200,200,1,
51,,,,,,313,3522,482,8,,175,175,175,1,
51,,,,,,304,3522,482,8,,150,150,150,1,
51,,,,,,295,3522,482,8,,125,125,125,1,
51,,,,,,331,3522,482,8,,225,225,225,1,
51,,,,,,322,3522,482,8,,200,200,200,1,
51,,,,,,313,3522,482,8,,175,175,175,1,
51,,,,,,304,3522,482,8,,150,150,150,1,
51,,,,,,295,3522,482,8,,125,125,125,1,
51,,,,,,331,3522,25,8,,225,225,225,1,
51,,,,,,322,3522,25,8,,200,200,200,1,
51,,,,,,313,3522,25,8,,175,175,175,1,
51,,,,,,304,3522,25,8,,150,150,150,1,
51,,,,,,295,3522,25,8,,125,125,125,1,
51,,,,,,331,3552,25,8,,225,225,225,1,
51,,,,,,322,3552,25,8,,200,200,200,1,
51,,,,,,313,3552,25,8,,175,175,175,1,
51,,,,,,304,3552,25,8,,150,150,150,1,
51,,,,,,295,3552,25,8,,125,125,125,1,
51,,,,,,331,3582,25,8,,225,225,225,1,
51,,,,,,322,3582,25,8,,200,200,200,1,
51,,,,,,313,3582,25,8,,175,175,175,1,
51,,,,,,304,3582,25,8,,150,150,150,1,
51,,,,,,295,3582,25,8,,125,125,125,1,
51,,,,,,331,3612,25,8,,225,225,225,1,
51,,,,,,322,3612,25,8,,200,200,200,1,
51,,,,,,313,3612,25,8,,175,175,175,1,
51,,,,,,304,3612,25,8,,150,150,150,1,
51,,,,,,295,3612,25,8,,125,125,125,1,
51,,,,,,331,3644,25,8,,225,225,225,1,
51,,,,,,322,3644,25,8,,200,200,200,1,
51,,,,,,313,3644,25,8,,175,175,175,1,
51,,,,,,304,3644,25,8,,150,150,150,1,
51,,,,,,295,3644,25,8,,125,125,125,1,
51,,,,,,331,3674,25,8,,225,225,225,1,
51,,,,,,322,3674,25,8,,200,200,200,1,
51,,,,,,313,3674,25,8,,175,175,175,1,
51,,,,,,304,3674,25,8,,150,150,150,1,
51,,,,,,295,3674,25,8,,125,125,125,1,
51,,,,,,331,3704,25,8,,225,225,225,1,
51,,,,,,322,3704,25,8,,200,200,200,1,
51,,,,,,313,3704,25,8,,175,175,175,1,
51,,,,,,304,3704,25,8,,150,150,150,1,
51,,,,,,295,3704,25,8,,125,125,125,1,
51,,,,,,331,3734,25,8,,225,225,225,1,
51,,,,,,322,3734,25,8,,200,200,200,1,
51,,,,,,313,3734,25,8,,175,175,175,1,
51,,,,,,304,3734,25,8,,150,150,150,1,
51,,,,,,295,3734,25,8,,125,125,125,1,
51,,,,,,331,3767,25,8,,225,225,225,1,
51,,,,,,322,3767,25,8,,200,200,200,1,
51,,,,,,313,3767,25,8,,175,175,175,1,
51,,,,,,304,3767,25,8,,150,150,150,1,
51,,,,,,295,3767,25,8,,125,125,125,1,
51,,,,,,331,3797,25,8,,225,225,225,1,
51,,,,,,322,3797,25,8,,200,200,200,1,
51,,,,,,313,3797,25,8,,175,175,175,1,
51,,,,,,304,3797,25,8,,150,150,150,1,
51,,,,,,295,3797,25,8,,125,125,125,1,
51,,,,,,331,3827,25,8,,225,225,225,1,
51,,,,,,322,3827,25,8,,200,200,200,1,
51,,,,,,313,3827,25,8,,175,175,175,1,
51,,,,,,304,3827,25,8,,150,150,150,1,
51,,,,,,295,3827,25,8,,125,125,125,1,
51,,,,,,331,3857,25,8,,225,225,225,1,
51,,,,,,322,3857,25,8,,200,200,200,1,
51,,,,,,313,3857,25,8,,175,175,175,1,
51,,,,,,304,3857,25,8,,150,150,150,1,
51,,,,,,295,3857,25,8,,125,125,125,1,
51,,,,,,331,3889,179,8,,225,225,225,1,
51,,,,,,322,3889,179,8,,200,200,200,1,
51,,,,,,313,3889,179,8,,175,175,175,1,
51,,,,,,304,3889,179,8,,150,150,150,1,
51,,,,,,295,3889,179,8,,125,125,125,1,
51,,,,,,331,3889,25,8,,225,225,225,1,
51,,,,,,322,3889,25,8,,200,200,200,1,
51,,,,,,313,3889,25,8,,175,175,175,1,
51,,,,,,304,3889,25,8,,150,150,150,1,
51,,,,,,295,3889,25,8,,125,125,125,1,
51,,,,,,331,3919,25,8,,225,225,225,1,
51,,,,,,322,3919,25,8,,200,200,200,1,
51,,,,,,313,3919,25,8,,175,175,175,1,
51,,,,,,304,3919,25,8,,150,150,150,1,
51,,,,,,295,3919,25,8,,125,125,125,1,
51,,,,,,331,3949,25,8,,225,225,225,1,
51,,,,,,322,3949,25,8,,200,200,200,1,
51,,,,,,313,3949,25,8,,175,175,175,1,
51,,,,,,304,3949,25,8,,150,150,150,1,
51,,,,,,295,3949,25,8,,125,125,125,1,
51,,,,,,331,3979,25,8,,225,225,225,1,
51,,,,,,322,3979,25,8,,200,200,200,1,
51,,,,,,313,3979,25,8,,175,175,175,1,
51,,,,,,304,3979,25,8,,150,150,150,1,
51,,,,,,295,3979,25,8,,125,125,125,1,
11,,,,,,51,4009,2,1386,,0,50,0,1,
14,,,,,,200,4070,1,1236,,0,50,0,1,
13,,,,,,200,4130,3,1236,,0,50,0,1,
14,,,,,,200,4192,1,1236,,0,50,0,1,
12,,,,,,200,4252,1,1236,,0,50,0,1,
12,,,,,,200,4255,1,1236,,0,50,0,1,
14,,,,,,200,4315,1,1236,,0,50,0,1,
13,,,,,,200,4375,3,1236,,0,50,0,1,
14,,,,,,200,4437,1,1236,,0,50,0,1,
11,,,,,,51,4497,3,1386,,0,50,0,1,
42,,,,,,,4009,491,,1,9,4,,1,
41,151,231,,,,191,4013,120,40,,9,1,57,1,0.263157894736842
41,151,231,,,,191,4135,120,40,,9,2,57,1,0.263157894736842
41,151,231,,,,191,4258,120,40,,9,3,57,1,0.263157894736842
41,151,231,,,,191,4380,120,40,,9,4,57,1,0.263157894736842
31,,,,,,51,4013,482,50,,255,255,255,1,9 of 20
32,,,,,,101,4013,482,50,,255,255,255,1,4 / 4
33,,,,,,151,4013,482,50,,250,250,100,1,A
39,,,,,,1,4013,1000,50,,255,255,255,1,sly_demo3
51,,,,,,331,4073,177,8,,225,225,225,1,
51,,,,,,322,4073,177,8,,200,200,200,1,
51,,,,,,313,4073,177,8,,175,175,175,1,
51,,,,,,304,4073,177,8,,150,150,150,1,
51,,,,,,295,4073,177,8,,125,125,125,1,
51,,,,,,331,4380,25,8,,225,225,225,1,
51,,,,,,322,4380,25,8,,200,200,200,1,
51,,,,,,313,4380,25,8,,175,175,175,1,
51,,,,,,304,4380,25,8,,150,150,150,1,
51,,,,,,295,4380,25,8,,125,125,125,1,
51,,,,,,331,4410,90,8,,225,225,225,1,
51,,,,,,322,4410,90,8,,200,200,200,1,
51,,,,,,313,4410,90,8,,175,175,175,1,
51,,,,,,304,4410,90,8,,150,150,150,1,
51,,,,,,295,4410,90,8,,125,125,125,1,
11,,,,,,51,4500,2,1386,,0,50,0,1,
14,,,,,,200,4561,1,1236,,0,50,0,1,
13,,,,,,200,4621,3,1236,,0,50,0,1,
14,,,,,,200,4683,1,1236,,0,50,0,1,
12,,,,,,200,4743,1,1236,,0,50,0,1,
12,,,,,,200,4746,1,1236,,0,50,0,1,
14,,,,,,200,4806,1,1236,,0,50,0,1,
13,,,,,,200,4866,3,1236,,0,50,0,1,
14,,,,,,200,4928,1,1236,,0,50,0,1,
11,,,,,,51,4988,3,1386,,0,50,0,1,
42,,,,,,,4500,491,,,10,4,,1,
41,151,231,,,,191,4504,120,40,,10,1,57,1,0.263157894736842
41,151,231,,,,191,4626,120,40,,10,2,57,1,0.263157894736842
41,151,231,,,,191,4749,120,40,,10,3,57,1,0.263157894736842
41,151,231,,,,191,4871,120,40,,10,4,57,1,0.263157894736842
31,,,,,,51,4504,482,50,,255,255,255,1,10 of 20
32,,,,,,101,4504,482,50,,255,255,255,1,4 / 4
33,,,,,,151,4504,482,50,,250,250,100,1,A
39,,,,,,1,4504,1000,50,,255,255,255,1,sly_demo3
51,,,,,,331,4626,25,8,,225,225,225,1,
51,,,,,,322,4626,25,8,,200,200,200,1,
51,,,,,,313,4626,25,8,,175,175,175,1,
51,,,,,,304,4626,25,8,,150,150,150,1,
51,,,,,,295,4626,25,8,,125,125,125,1,
51,,,,,,331,4656,55,8,,225,225,225,1,
51,,,,,,322,4656,55,8,,200,200,200,1,
51,,,,,,313,4656,55,8,,175,175,175,1,
51,,,,,,304,4656,55,8,,150,150,150,1,
51,,,,,,295,4656,55,8,,125,125,125,1,
51,,,,,,331,4716,148,8,,225,225,225,1,
51,,,,,,322,4716,148,8,,200,200,200,1,
51,,,,,,313,4716,148,8,,175,175,175,1,
51,,,,,,304,4716,148,8,,150,150,150,1,
51,,,,,,295,4716,148,8,,125,125,125,1,
51,,,,,,331,4871,25,8,,225,225,225,1,
51,,,,,,322,4871,25,8,,200,200,200,1,
51,,,,,,313,4871,25,8,,175,175,175,1,
51,,,,,,304,4871,25,8,,150,150,150,1,
51,,,,,,295,4871,25,8,,125,125,125,1,
51,,,,,,331,4901,90,8,,225,225,225,1,
51,,,,,,322,4901,90,8,,200,200,200,1,
51,,,,,,313,4901,90,8,,175,175,175,1,
51,,,,,,304,4901,90,8,,150,150,150,1,
51,,,,,,295,4901,90,8,,125,125,125,1,
11,,,,,,51,4991,2,1386,,0,50,0,1,
14,,,,,,200,5052,1,1236,,0,50,0,1,
13,,,,,,200,5112,3,1236,,0,50,0,1,
14,,,,,,200,5174,1,1236,,0,50,0,1,
12,,,,,,200,5234,1,1236,,0,50,0,1,
12,,,,,,200,5237,1,1236,,0,50,0,1,
14,,,,,,200,5297,1,1236,,0,50,0,1,
13,,,,,,200,5357,3,1236,,0,50,0,1,
14,,,,,,200,5419,1,1236,,0,50,0,1,
11,,,,,,51,5479,3,1386,,0,50,0,1,
42,,,,,,,4991,491,,,11,4,,1,
41,151,231,,,,191,4995,120,40,,11,1,57,1,0.263157894736842
41,151,231,,,,191,5117,120,40,,11,2,57,1,0.263157894736842
41,151,231,,,,191,5240,120,40,,11,3,57,1,0.263157894736842
41,151,231,,,,191,5362,120,40,,11,4,57,1,0.263157894736842
31,,,,,,51,4995,482,50,,255,255,255,1,11 of 20
32,,,,,,101,4995,482,50,,255,255,255,1,4 / 4
33,,,,,,151,4995,482,50,,250,250,100,1,A
39,,,,,,1,4995,1000,50,,255,255,255,1,sly_demo3
51,,,,,,331,5117,55,8,,225,225,225,1,
51,,,,,,322,5117,55,8,,200,200,200,1,
51,,,,,,313,5117,55,8,,175,175,175,1,
51,,,,,,304,5117,55,8,,150,150,150,1,
51,,,,,,295,5117,55,8,,125,125,125,1,
51,,,,,,331,5177,25,8,,225,225,225,1,
51,,,,,,322,5177,25,8,,200,200,200,1,
51,,,,,,313,5177,25,8,,175,175,175,1,
51,,,,,,304,5177,25,8,,150,150,150,1,
51,,,,,,295,5177,25,8,,125,125,125,1,
51,,,,,,331,5207,148,8,,225,225,225,1,
51,,,,,,322,5207,148,8,,200,200,200,1,
51,,,,,,313,5207,148,8,,175,175,175,1,
51,,,,,,304,5207,148,8,,150,150,150,1,
51,,,,,,295,5207,148,8,,125,125,125,1,
51,,,,,,331,5362,25,8,,225,225,225,1,
51,,,,,,322,5362,25,8,,200,200,200,1,
51,,,,,,313,5362,25,8,,175,175,175,1,
51,,,,,,304,5362,25,8,,150,150,150,1,
51,,,,,,295,5362,25,8,,125,125,125,1,
51,,,,,,331,5392,90,8,,225,225,225,1,
51,,,,,,322,5392,90,8,,200,200,200,1,
51,,,,,,313,5392,90,8,,175,175,175,1,
51,,,,,,304,5392,90,8,,150,150,150,1,
51,,,,,,295,5392,90,8,,125,125,125,1,
11,,,,,,51,5482,2,1386,,0,50,0,1,
14,,,,,,200,5543,1,1236,,0,50,0,1,
13,,,,,,200,5603,3,1236,,0,50,0,1,
14,,,,,,200,5665,1,1236,,0,50,0,1,
12,,,,,,200,5725,1,1236,,0,50,0,1,
12,,,,,,200,5728,1,1236,,0,50,0,1,
14,,,,,,200,5788,1,1236,,0,50,0,1,
13,,,,,,200,5848,3,1236,,0,50,0,1,
14,,,,,,200,5910,1,1236,,0,50,0,1,
11,,,,,,51,5970,3,1386,,0,50,0,1,
42,,,,,,,5482,491,,1,12,4,,1,
41,151,231,,,,191,5486,120,40,,12,1,57,1,0.263157894736842
41,151,231,,,,191,5608,120,40,,12,2,57,1,0.263157894736842
41,151,231,,,,191,5731,120,40,,12,3,57,1,0.263157894736842
41,151,231,,,,191,5853,120,40,,12,4,57,1,0.263157894736842
31,,,,,,51,5486,482,50,,255,255,255,1,12 of 20
32,,,,,,101,5486,482,50,,255,255,255,1,4 / 4
33,,,,,,151,5486,482,50,,250,250,100,1,A
39,,,,,,1,5486,1000,50,,255,255,255,1,sly_demo3
51,,,,,,331,5608,25,8,,225,225,225,1,
51,,,,,,322,5608,25,8,,200,200,200,1,
51,,,,,,313,5608,25,8,,175,175,175,1,
51,,,,,,304,5608,25,8,,150,150,150,1,
51,,,,,,295,5608,25,8,,125,125,125,1,
51,,,,,,331,5638,85,8,,225,225,225,1,
51,,,,,,322,5638,85,8,,200,200,200,1,
51,,,,,,313,5638,85,8,,175,175,175,1,
51,,,,,,304,5638,85,8,,150,150,150,1,
51,,,,,,295,5638,85,8,,125,125,125,1,
51,,,,,,331,5731,90,8,,225,225,225,1,
51,,,,,,322,5731,90,8,,200,200,200,1,
51,,,,,,313,5731,90,8,,175,175,175,1,
51,,,,,,304,5731,90,8,,150,150,150,1,
51,,,,,,295,5731,90,8,,125,125,125,1,
51,,,,,,331,5821,122,8,,225,225,225,1,
51,,,,,,322,5821,122,8,,200,200,200,1,
51,,,,,,313,5821,122,8,,175,175,175,1,
51,,,,,,304,5821,122,8,,150,150,150,1,
51,,,,,,295,5821,122,8,,125,125,125,1,
51,,,,,,331,5943,89,8,,225,225,225,1,
51,,,,,,322,5943,89,8,,200,200,200,1,
51,,,,,,313,5943,89,8,,175,175,175,1,
51,,,,,,304,5943,89,8,,150,150,150,1,
51,,,,,,295,5943,89,8,,125,125,125,1,
11,,,,,,51,5973,2,1386,,0,50,0,1,
14,,,,,,200,6034,1,1236,,0,50,0,1,
13,,,,,,200,6094,3,1236,,0,50,0,1,
14,,,,,,200,6156,1,1236,,0,50,0,1,
12,,,,,,200,6216,1,1236,,0,50,0,1,
12,,,,,,200,6219,1,1236,,0,50,0,1,
14,,,,,,200,6279,1,1236,,0,50,0,1,
13,,,,,,200,6339,3,1236,,0,50,0,1,
14,,,,,,200,6401,1,1236,,0,50,0,1,
11,,,,,,51,6461,3,1386,,0,50,0,1,
42,,,,,,,5973,491,,,13,4,,1,
41,151,231,,,,191,5977,120,40,,13,1,57,1,0.263157894736842
41,151,231,,,,191,6099,120,40,,13,2,57,1,0.263157894736842
41,151,231,,,,191,6222,120,40,,13,3,57,1,0.263157894736842
41,151,231,,,,191,6344,120,40,,13,4,57,1,0.263157894736842
31,,,,,,51,5977,482,50,,255,255,255,1,13 of 20
32,,,,,,101,5977,482,50,,255,255,255,1,4 / 4
33,,,,,,151,5977,482,50,,250,250,100,1,A
39,,,,,,1,5977,1000,50,,255,255,255,1,sly_demo3
51,,,,,,331,6037,117,8,,225,225,225,1,
51,,,,,,322,6037,117,8,,200,200,200,1,
51,,,,,,313,6037,117,8,,175,175,175,1,
51,,,,,,304,6037,117,8,,150,150,150,1,
51,,,,,,295,6037,117,8,,125,125,125,1,
51,,,,,,331,6159,178,8,,225,225,225,1,
51,,,,,,322,6159,178,8,,200,200,200,1,
51,,,,,,313,6159,178,8,,175,175,175,1,
51,,,,,,304,6159,178,8,,150,150,150,1,
51,,,,,,295,6159,178,8,,125,125,125,1,
51,,,,,,331,6344,25,8,,225,225,225,1,
51,,,,,,322,6344,25,8,,200,200,200,1,
51,,,,,,313,6344,25,8,,175,175,175,1,
51,,,,,,304,6344,25,8,,150,150,150,1,
51,,,,,,295,6344,25,8,,125,125,125,1,
51,,,,,,331,6374,85,8,,225,225,225,1,
51,,,,,,322,6374,85,8,,200,200,200,1,
51,,,,,,313,6374,85,8,,175,175,175,1,
51,,,,,,304,6374,85,8,,150,150,150,1,
51,,,,,,295,6374,85,8,,125,125,125,1,
11,,,,,,51,6464,2,1386,,0,50,0,1,
14,,,,,,200,6525,1,1236,,0,50,0,1,
13,,,,,,200,6585,3,1236,,0,50,0,1,
14,,,,,,200,6647,1,1236,,0,50,0,1,
12,,,,,,200,6707,1,1236,,0,50,0,1,
12,,,,,,200,6710,1,1236,,0,50,0,1,
14,,,,,,200,6770,1,1236,,0,50,0,1,
13,,,,,,200,6830,3,1236,,0,50,0,1,
14,,,,,,200,6892,1,1236,,0,50,0,1,
11,,,,,,51,6952,3,1386,,0,50,0,1,
42,,,,,,,6464,491,,,14,4,,1,
41,151,231,,,,191,6468,120,40,,14,1,57,1,0.263157894736842
41,151,231,,,,191,6590,120,40,,14,2,57,1,0.263157894736842
41,151,231,,,,191,6713,120,40,,14,3,57,1,0.263157894736842
41,151,231,,,,191,6835,120,40,,14,4,57,1,0.263157894736842
31,,,,,,51,6468,482,50,,255,255,255,1,14 of 20
32,,,,,,101,6468,482,50,,255,255,255,1,4 / 4
33,,,,,,151,6468,482,50,,250,250,100,1,A
39,,,,,,1,6468,1000,50,,255,255,255,1,sly_demo3
51,,,,,,331,6468,115,8,,225,225,225,1,
51,,,,,,322,6468,115,8,,200,200,200,1,
51,,,,,,313,6468,115,8,,175,175,175,1,
51,,,,,,304,6468,115,8,,150,150,150,1,
51,,,,,,295,6468,115,8,,125,125,125,1,
51,,,,,,331,6590,115,8,,225,225,225,1,
51,,,,,,322,6590,115,8,,200,200,200,1,
51,,,,,,313,6590,115,8,,175,175,175,1,
51,,,,,,304,6590,115,8,,150,150,150,1,
51,,,,,,295,6590,115,8,,125,125,125,1,
51,,,,,,331,6713,115,8,,225,225,225,1,
51,,,,,,322,6713,115,8,,200,200,200,1,
51,,,,,,313,6713,115,8,,175,175,175,1,
51,,,,,,304,6713,115,8,,150,150,150,1,
51,,,,,,295,6713,115,8,,125,125,125,1,
51,,,,,,331,6865,55,8,,225,225,225,1,
51,,,,,,322,6865,55,8,,200,200,200,1,
51,,,,,,313,6865,55,8,,175,175,175,1,
51,,,,,,304,6865,55,8,,150,150,150,1,
51,,,,,,295,6865,55,8,,125,125,125,1,
51,,,,,,331,6925,25,8,,225,225,225,1,
51,,,,,,322,6925,25,8,,200,200,200,1,
51,,,,,,313,6925,25,8,,175,175,175,1,
51,,,,,,304,6925,25,8,,150,150,150,1,
51,,,,,,295,6925,25,8,,125,125,125,1,
11,,,,,,51,6955,2,1386,,0,50,0,1,
14,,,,,,200,7016,1,1236,,0,50,0,1,
13,,,,,,200,7076,3,1236,,0,50,0,1,
14,,,,,,200,7138,1,1236,,0,50,0,1,
12,,,,,,200,7198,1,1236,,0,50,0,1,
12,,,,,,200,7201,1,1236,,0,50,0,1,
14,,,,,,200,7261,1,1236,,0,50,0,1,
13,,,,,,200,7321,3,1236,,0,50,0,1,
14,,,,,,200,7383,1,1236,,0,50,0,1,
11,,,,,,51,7443,3,1386,,0,50,0,1,
42,,,,,,,6955,491,,1,15,4,,1,
41,151,231,,,,191,6959,120,40,,15,1,57,1,0.263157894736842
41,151,231,,,,191,7081,120,40,,15,2,57,1,0.263157894736842
41,151,231,,,,191,7204,120,40,,15,3,57,1,0.263157894736842
41,151,231,,,,191,7326,120,40,,15,4,57,1,0.263157894736842
31,,,,,,51,6959,482,50,,255,255,255,1,15 of 20
32,,,,,,101,6959,482,50,,255,255,255,1,4 / 4
33,,,,,,151,6959,482,50,,250,250,100,1,A
39,,,,,,1,6959,1000,50,,255,255,255,1,sly_demo3
51,,,,,,331,6959,55,8,,225,225,225,1,
51,,,,,,322,6959,55,8,,200,200,200,1,
51,,,,,,313,6959,55,8,,175,175,175,1,
51,,,,,,304,6959,55,8,,150,150,150,1,
51,,,,,,295,6959,55,8,,125,125,125,1,
51,,,,,,331,7019,25,8,,225,225,225,1,
51,,,,,,322,7019,25,8,,200,200,200,1,
51,,,,,,313,7019,25,8,,175,175,175,1,
51,,,,,,304,7019,25,8,,150,150,150,1,
51,,,,,,295,7019,25,8,,125,125,125,1,
51,,,,,,331,7049,92,8,,225,225,225,1,
51,,,,,,322,7049,92,8,,200,200,200,1,
51,,,,,,313,7049,92,8,,175,175,175,1,
51,,,,,,304,7049,92,8,,150,150,150,1,
51,,,,,,295,7049,92,8,,125,125,125,1,
51,,,,,,331,7141,55,8,,225,225,225,1,
51,,,,,,322,7141,55,8,,200,200,200,1,
51,,,,,,313,7141,55,8,,175,175,175,1,
51,,,,,,304,7141,55,8,,150,150,150,1,
51,,,,,,295,7141,55,8,,125,125,125,1,
51,,,,,,331,7356,25,8,,225,225,225,1,
51,,,,,,322,7356,25,8,,200,200,200,1,
51,,,,,,313,7356,25,8,,175,175,175,1,
51,,,,,,304,7356,25,8,,150,150,150,1,
51,,,,,,295,7356,25,8,,125,125,125,1,
51,,,,,,331,7386,25,8,,225,225,225,1,
51,,,,,,322,7386,25,8,,200,200,200,1,
51,,,,,,313,7386,25,8,,175,175,175,1,
51,,,,,,304,7386,25,8,,150,150,150,1,
51,,,,,,295,7386,25,8,,125,125,125,1,
51,,,,,,331,7416,25,8,,225,225,225,1,
51,,,,,,322,7416,25,8,,200,200,200,1,
51,,,,,,313,7416,25,8,,175,175,175,1,
51,,,,,,304,7416,25,8,,150,150,150,1,
51,,,,,,295,7416,25,8,,125,125,125,1,
11,,,,,,51,7446,2,1386,,0,50,0,1,
14,,,,,,200,7507,1,1236,,0,50,0,1,
13,,,,,,200,7567,3,1236,,0,50,0,1,
14,,,,,,200,7629,1,1236,,0,50,0,1,
12,,,,,,200,7689,1,1236,,0,50,0,1,
12,,,,,,200,7692,1,1236,,0,50,0,1,
14,,,,,,200,7752,1,1236,,0,50,0,1,
13,,,,,,200,7812,3,1236,,0,50,0,1,
14,,,,,,200,7874,1,1236,,0,50,0,1,
11,,,,,,51,7934,3,1386,,0,50,0,1,
42,,,,,,,7446,491,,,16,4,,1,
41,151,231,,,,191,7450,120,40,,16,1,57,1,0.263157894736842
41,151,231,,,,191,7572,120,40,,16,2,57,1,0.263157894736842
41,151,231,,,,191,7695,120,40,,16,3,57,1,0.263157894736842
41,151,231,,,,191,7817,120,40,,16,4,57,1,0.263157894736842
31,,,,,,51,7450,482,50,,255,255,255,1,16 of 20
32,,,,,,101,7450,482,50,,255,255,255,1,4 / 4
33,,,,,,151,7450,482,50,,250,250,100,1,A
39,,,,,,1,7450,1000,50,,255,255,255,1,sly_demo3
51,,,,,,331,7450,25,8,,225,225,225,1,
51,,,,,,322,7450,25,8,,200,200,200,1,
51,,,,,,313,7450,25,8,,175,175,175,1,
51,,,,,,304,7450,25,8,,150,150,150,1,
51,,,,,,295,7450,25,8,,125,125,125,1,
51,,,,,,331,7480,25,8,,225,225,225,1,
51,,,,,,322,7480,25,8,,200,200,200,1,
51,,,,,,313,7480,25,8,,175,175,175,1,
51,,,,,,304,7480,25,8,,150,150,150,1,
51,,,,,,295,7480,25,8,,125,125,125,1,
51,,,,,,331,7510,122,8,,225,225,225,1,
51,,,,,,322,7510,122,8,,200,200,200,1,
51,,,,,,313,7510,122,8,,175,175,175,1,
51,,,,,,304,7510,122,8,,150,150,150,1,
51,,,,,,295,7510,122,8,,125,125,125,1,
51,,,,,,331,7632,183,8,,225,225,225,1,
51,,,,,,322,7632,183,8,,200,200,200,1,
51,,,,,,313,7632,183,8,,175,175,175,1,
51,,,,,,304,7632,183,8,,150,150,150,1,
51,,,,,,295,7632,183,8,,125,125,125,1,
11,,,,,,51,7937,2,1386,,0,50,0,1,
14,,,,,,200,7998,1,1236,,0,50,0,1,
13,,,,,,200,8058,3,1236,,0,50,0,1,
14,,,,,,200,8120,1,1236,,0,50,0,1,
12,,,,,,200,8180,1,1236,,0,50,0,1,
12,,,,,,200,8183,1,1236,,0,50,0,1,
14,,,,,,200,8243,1,1236,,0,50,0,1,
13,,,,,,200,8303,3,1236,,0,50,0,1,
14,,,,,,200,8365,1,1236,,0,50,0,1,
11,,,,,,51,8425,3,1386,,0,50,0,1,
42,,,,,,,7937,491,,,17,4,,1,
41,151,231,,,,191,7941,120,40,,17,1,57,1,0.263157894736842
41,151,231,,,,191,8063,120,40,,17,2,57,1,0.263157894736842
41,151,231,,,,191,8186,120,40,,17,3,57,1,0.263157894736842
41,151,231,,,,191,8308,120,40,,17,4,57,1,0.263157894736842
31,,,,,,51,7941,482,50,,255,255,255,1,17 of 20
32,,,,,,101,7941,482,50,,255,255,255,1,4 / 4
33,,,,,,151,7941,482,50,,250,250,100,1,A
39,,,,,,1,7941,1000,50,,255,255,255,1,sly_demo3
51,,,,,,331,7941,115,8,,225,225,225,1,
51,,,,,,322,7941,115,8,,200,200,200,1,
51,,,,,,313,7941,115,8,,175,175,175,1,
51,,,,,,304,7941,115,8,,150,150,150,1,
51,,,,,,295,7941,115,8,,125,125,125,1,
51,,,,,,331,8063,115,8,,225,225,225,1,
51,,,,,,322,8063,115,8,,200,200,200,1,
51,,,,,,313,8063,115,8,,175,175,175,1,
51,,,,,,304,8063,115,8,,150,150,150,1,
51,,,,,,295,8063,115,8,,125,125,125,1,
51,,,,,,331,8308,25,8,,225,225,225,1,
51,,,,,,322,8308,25,8,,200,200,200,1,
51,,,,,,313,8308,25,8,,175,175,175,1,
51,,,,,,304,8308,25,8,,150,150,150,1,
51,,,,,,295,8308,25,8,,125,125,125,1,
51,,,,,,331,8338,25,8,,225,225,225,1,
51,,,,,,322,8338,25,8,,200,200,200,1,
51,,,,,,313,8338,25,8,,175,175,175,1,
51,,,,,,304,8338,25,8,,150,150,150,1,
51,,,,,,295,8338,25,8,,125,125,125,1,
51,,,,,,331,8368,25,8,,225,225,225,1,
51,,,,,,322,8368,25,8,,200,200,200,1,
51,,,,,,313,8368,25,8,,175,175,175,1,
51,,,,,,304,8368,25,8,,150,150,150,1,
51,,,,,,295,8368,25,8,,125,125,125,1,
51,,,,,,331,8398,119,8,,225,225,225,1,
51,,,,,,322,8398,119,8,,200,200,200,1,
51,,,,,,313,8398,119,8,,175,175,175,1,
51,,,,,,304,8398,119,8,,150,150,150,1,
51,,,,,,295,8398,119,8,,125,125,125,1,
11,,,,,,51,8428,2,1386,,0,50,0,1,
14,,,,,,200,8489,1,1236,,0,50,0,1,
13,,,,,,200,8549,3,1236,,0,50,0,1,
14,,,,,,200,8611,1,1236,,0,50,0,1,
12,,,,,,200,8671,1,1236,,0,50,0,1,
12,,,,,,200,8674,1,1236,,0,50,0,1,
14,,,,,,200,8734,1,1236,,0,50,0,1,
13,,,,,,200,8794,3,1236,,0,50,0,1,
14,,,,,,200,8856,1,1236,,0,50,0,1,
11,,,,,,51,8916,3,1386,,0,50,0,1,
42,,,,,,,8428,491,,1,18,4,,1,
41,151,231,,,,191,8432,120,40,,18,1,57,1,0.263157894736842
41,151,231,,,,191,8554,120,40,,18,2,57,1,0.263157894736842
41,151,231,,,,191,8677,120,40,,18,3,57,1,0.263157894736842
41,151,231,,,,191,8799,120,40,,18,4,57,1,0.263157894736842
31,,,,,,51,8432,482,50,,255,255,255,1,18 of 20
32,,,,,,101,8432,482,50,,255,255,255,1,4 / 4
33,,,,,,151,8432,482,50,,250,250,100,1,A
39,,,,,,1,8432,1000,50,,255,255,255,1,sly_demo3
51,,,,,,331,8522,30,8,,225,225,225,1,
51,,,,,,322,8522,30,8,,200,200,200,1,
51,,,,,,313,8522,30,8,,175,175,175,1,
51,,,,,,304,8522,30,8,,150,150,150,1,
51,,,,,,295,8522,30,8,,125,125,125,1,
51,,,,,,331,8554,30,8,,225,225,225,1,
51,,,,,,322,8554,30,8,,200,200,200,1,
51,,,,,,313,8554,30,8,,175,175,175,1,
51,,,,,,304,8554,30,8,,150,150,150,1,
51,,,,,,295,8554,30,8,,125,125,125,1,
51,,,,,,331,8584,85,8,,225,225,225,1,
51,,,,,,322,8584,85,8,,200,200,200,1,
51,,,,,,313,8584,85,8,,175,175,175,1,
51,,,,,,304,8584,85,8,,150,150,150,1,
51,,,,,,295,8584,85,8,,125,125,125,1,
51,,,,,,331,8799,25,8,,225,225,225,1,
51,,,,,,322,8799,25,8,,200,200,200,1,
51,,,,,,313,8799,25,8,,175,175,175,1,
51,,,,,,304,8799,25,8,,150,150,150,1,
51,,,,,,295,8799,25,8,,125,125,125,1,
51,,,,,,331,8829,85,8,,225,225,225,1,
51,,,,,,322,8829,85,8,,200,200,200,1,
51,,,,,,313,8829,85,8,,175,175,175,1,
51,,,,,,304,8829,85,8,,150,150,150,1,
51,,,,,,295,8829,85,8,,125,125,125,1,
11,,,,,,51,8919,2,1386,,0,50,0,1,
14,,,,,,200,8980,1,1236,,0,50,0,1,
13,,,,,,200,9040,3,1236,,0,50,0,1,
14,,,,,,200,9102,1,1236,,0,50,0,1,
12,,,,,,200,9162,1,1236,,0,50,0,1,
12,,,,,,200,9165,1,1236,,0,50,0,1,
14,,,,,,200,9225,1,1236,,0,50,0,1,
13,,,,,,200,9285,3,1236,,0,50,0,1,
14,,,,,,200,9347,1,1236,,0,50,0,1,
11,,,,,,51,9407,3,1386,,0,50,0,1,
42,,,,,,,8919,491,,,19,4,,1,
41,151,231,,,,191,8923,120,40,,19,1,57,1,0.263157894736842
41,151,231,,,,191,9045,120,40,,19,2,57,1,0.263157894736842
41,151,231,,,,191,9168,120,40,,19,3,57,1,0.263157894736842
41,151,231,,,,191,9290,120,40,,19,4,57,1,0.263157894736842
31,,,,,,51,8923,482,50,,255,255,255,1,19 of 20
32,,,,,,101,8923,482,50,,255,255,255,1,4 / 4
33,,,,,,151,8923,482,50,,250,250,100,1,A
39,,,,,,1,8923,1000,50,,255,255,255,1,sly_demo3
51,,,,,,331,8923,55,8,,225,225,225,1,
51,,,,,,322,8923,55,8,,200,200,200,1,
51,,,,,,313,8923,55,8,,175,175,175,1,
51,,,,,,304,8923,55,8,,150,150,150,1,
51,,,,,,295,8923,55,8,,125,125,125,1,
51,,,,,,331,8983,25,8,,225,225,225,1,
51,,,,,,322,8983,25,8,,200,200,200,1,
51,,,,,,313,8983,25,8,,175,175,175,1,
51,,,,,,304,8983,25,8,,150,150,150,1,
51,,,,,,295,8983,25,8,,125,125,125,1,
51,,,,,,331,9013,117,8,,225,225,225,1,
51,,,,,,322,9013,117,8,,200,200,200,1,
51,,,,,,313,9013,117,8,,175,175,175,1,
51,,,,,,304,9013,117,8,,150,150,150,1,
51,,,,,,295,9013,117,8,,125,125,125,1,
51,,,,,,331,9135,148,8,,225,225,225,1,
51,,,,,,322,9135,148,8,,200,200,200,1,
51,,,,,,313,9135,148,8,,175,175,175,1,
51,,,,,,304,9135,148,8,,150,150,150,1,
51,,,,,,295,9135,148,8,,125,125,125,1,
51,,,,,,331,9320,30,8,,225,225,225,1,
51,,,,,,322,9320,30,8,,200,200,200,1,
51,,,,,,313,9320,30,8,,175,175,175,1,
51,,,,,,304,9320,30,8,,150,150,150,1,
51,,,,,,295,9320,30,8,,125,125,125,1,
51,,,,,,331,9350,55,8,,225,225,225,1,
51,,,,,,322,9350,55,8,,200,200,200,1,
51,,,,,,313,9350,55,8,,175,175,175,1,
51,,,,,,304,9350,55,8,,150,150,150,1,
51,,,,,,295,9350,55,8,,125,125,125,1,
11,,,,,,51,9410,2,1386,,0,50,0,1,
14,,,,,,200,9471,1,1236,,0,50,0,1,
13,,,,,,200,9531,3,1236,,0,50,0,1,
14,,,,,,200,9593,1,1236,,0,50,0,1,
12,,,,,,200,9653,1,1236,,0,50,0,1,
12,,,,,,200,9656,1,1236,,0,50,0,1,
14,,,,,,200,9716,1,1236,,0,50,0,1,
13,,,,,,200,9776,3,1236,,0,50,0,1,
14,,,,,,200,9838,1,1236,,0,50,0,1,
11,,,,,,51,9898,3,1386,,0,50,0,1,
42,,,,,,,9410,491,,,20,4,,1,
41,151,231,,,,191,9414,120,40,,20,1,57,1,0.263157894736842
41,151,231,,,,191,9536,120,40,,20,2,57,1,0.263157894736842
41,151,231,,,,191,9659,120,40,,20,3,57,1,0.263157894736842
41,151,231,,,,191,9781,120,40,,20,4,57,1,0.263157894736842
31,,,,,,51,9414,482,50,,255,255,255,1,20 of 20
32,,,,,,101,9414,482,50,,255,255,255,1,4 / 4
33,,,,,,151,9414,482,50,,250,250,100,1,A
39,,,,,,1,9414,1000,50,,255,255,255,1,sly_demo3
51,,,,,,331,9414,30,8,,225,225,225,1,
51,,,,,,322,9414,30,8,,200,200,200,1,
51,,,,,,313,9414,30,8,,175,175,175,1,
51,,,,,,304,9414,30,8,,150,150,150,1,
51,,,,,,295,9414,30,8,,125,125,125,1,
51,,,,,,331,9444,30,8,,225,225,225,1,
51,,,,,,322,9444,30,8,,200,200,200,1,
51,,,,,,313,9444,30,8,,175,175,175,1,
51,,,,,,304,9444,30,8,,150,150,150,1,
51,,,,,,295,9444,30,8,,125,125,125,1,
51,,,,,,331,9474,87,8,,225,225,225,1,
51,,,,,,322,9474,87,8,,200,200,200,1,
51,,,,,,313,9474,87,8,,175,175,175,1,
51,,,,,,304,9474,87,8,,150,150,150,1,
51,,,,,,295,9474,87,8,,125,125,125,1,
51,,,,,,331,9566,25,8,,225,225,225,1,
51,,,,,,322,9566,25,8,,200,200,200,1,
51,,,,,,313,9566,25,8,,175,175,175,1,
51,,,,,,304,9566,25,8,,150,150,150,1,
51,,,,,,295,9566,25,8,,125,125,125,1,
51,,,,,,331,9596,25,8,,225,225,225,1,
51,,,,,,322,9596,25,8,,200,200,200,1,
51,,,,,,313,9596,25,8,,175,175,175,1,
51,,,,,,304,9596,25,8,,150,150,150,1,
51,,,,,,295,9596,25,8,,125,125,125,1,
51,,,,,,331,9626,153,8,,225,225,225,1,
51,,,,,,322,9626,153,8,,200,200,200,1,
51,,,,,,313,9626,153,8,,175,175,175,1,
51,,,,,,304,9626,153,8,,150,150,150,1,
51,,,,,,295,9626,153,8,,125,125,125,1,
51,,,,,,331,9871,25,8,,225,225,225,1,
51,,,,,,322,9871,25,8,,200,200,200,1,
51,,,,,,313,9871,25,8,,175,175,175,1,
51,,,,,,304,9871,25,8,,150,150,150,1,
51,,,,,,295,9871,25,8,,125,125,125,1,
11,,,,,,50,78,3,1386,,,,,1,
21,,,,,,350,83,9820,3,,0,0,0,1,
21,,,,,,400,83,9820,3,,0,0,0,1,
21,,,,,,450,83,9820,3,,0,0,0,1,
21,,,,,,500,83,9820,3,,0,0,0,1,
21,,,,,,550,83,9820,3,,0,0,0,1,
21,,,,,,825,83,9820,3,,0,0,255,1,
21,,,,,,875,83,9820,3,,0,0,255,1,
21,,,,,,925,83,9820,3,,0,0,255,1,
21,,,,,,975,83,9820,3,,0,0,255,1,
21,,,,,,1025,83,9820,3,,0,0,255,1,
30,,,,,,1,10,,,,,,,1,Title
30,,,,,,51,10,,,,,,,1,Bar
30,,,,,,101,10,,,,,,,1,Time  
30,,,,,,151,10,,,,,,,1,Key
30,,,,,,201,10,,,,,,,1,Tempo
30,,,,,,276,10,,,,,,,1,Vol
30,,,,,,339,10,,,,,,,1,F
30,,,,,,389,10,,,,,,,1,D
30,,,,,,439,10,,,,,,,1,B
30,,,,,,489,10,,,,,,,1,G
30,,,,,,539,10,,,,,,,1,E
30,,,,,,589,10,,,,,,,1,
30,,,,,,814,10,,,,,,,1,A
30,,,,,,864,10,,,,,,,1,F
30,,,,,,914,10,,,,,,,1,D
30,,,,,,964,10,,,,,,,1,B
30,,,,,,1014,10,,,,,,,1,G
52,,,,,,651,2050,23,1,,217,217,217,3,
61,,,,,,601,2048,27,1,,0,0,0,1,
61,,,,,,651,2048,27,1,,0,0,0,1,
52,,,,,,601,2097,6,1,,217,217,217,3,
61,,,,,,601,2078,27,1,,0,0,0,1,
52,,,,,,550,2110,23,3,,217,217,217,3,
52,,,,,,601,2157,6,1,,217,217,217,3,
61,,,,,,601,2138,27,1,,0,0,0,1,
52,,,,,,651,2172,23,1,,217,217,217,3,
61,,,,,,601,2170,27,1,,0,0,0,1,
61,,,,,,651,2170,27,1,,0,0,0,1,
52,,,,,,601,2219,6,1,,217,217,217,3,
61,,,,,,601,2200,27,1,,0,0,0,1,
52,,,,,,550,2232,23,3,,217,217,217,3,
52,,,,,,601,2279,6,1,,217,217,217,3,
61,,,,,,601,2260,27,1,,0,0,0,1,
52,,,,,,651,2295,23,1,,217,217,217,3,
61,,,,,,601,2293,27,1,,0,0,0,1,
61,,,,,,651,2293,27,1,,0,0,0,1,
52,,,,,,601,2342,6,1,,217,217,217,3,
61,,,,,,601,2323,27,1,,0,0,0,1,
52,,,,,,550,2355,23,3,,217,217,217,3,
52,,,,,,601,2402,6,1,,217,217,217,3,
61,,,,,,601,2383,27,1,,0,0,0,1,
52,,,,,,651,2417,23,1,,217,217,217,3,
61,,,,,,601,2415,27,1,,0,0,0,1,
61,,,,,,651,2415,27,1,,0,0,0,1,
52,,,,,,601,2464,6,1,,217,217,217,3,
61,,,,,,601,2445,27,1,,0,0,0,1,
52,,,,,,550,2477,23,3,,217,217,217,3,
52,,,,,,601,2524,6,1,,217,217,217,3,
61,,,,,,601,2505,27,1,,0,0,0,1,
52,,,,,,1025,2558,463,3,,217,217,217,3,
61,,,,,,601,2539,27,1,,0,0,0,1,
61,,,,,,651,2539,27,1,,0,0,0,1,
52,,,,,,601,2588,6,1,,217,217,217,3,
61,,,,,,601,2569,27,1,,0,0,0,1,
52,,,,,,550,2601,23,3,,217,217,217,3,
52,,,,,,601,2648,6,1,,217,217,217,3,
61,,,,,,601,2629,27,1,,0,0,0,1,
61,,,,,,601,2661,27,1,,0,0,0,1,
61,,,,,,651,2661,27,1,,0,0,0,1,
52,,,,,,601,2710,6,1,,217,217,217,3,
61,,,,,,601,2691,27,1,,0,0,0,1,
52,,,,,,550,2723,23,3,,217,217,217,3,
52,,,,,,601,2770,6,1,,217,217,217,3,
61,,,,,,601,2751,27,1,,0,0,0,1,
61,,,,,,601,2784,27,1,,0,0,0,1,
61,,,,,,651,2784,27,1,,0,0,0,1,
52,,,,,,601,2833,6,1,,217,217,217,3,
61,,,,,,601,2814,27,1,,0,0,0,1,
52,,,,,,550,2846,23,3,,217,217,217,3,
52,,,,,,601,2893,6,1,,217,217,217,3,
61,,,,,,601,2874,27,1,,0,0,0,1,
61,,,,,,601,2906,27,1,,0,0,0,1,
61,,,,,,651,2906,27,1,,0,0,0,1,
52,,,,,,601,2955,6,1,,217,217,217,3,
61,,,,,,601,2936,27,1,,0,0,0,1,
52,,,,,,550,2968,23,3,,217,217,217,3,
52,,,,,,601,3015,6,1,,217,217,217,3,
61,,,,,,601,2996,27,1,,0,0,0,1,
52,,,,,,701,3049,6,1,,217,217,217,3,
61,,,,,,601,3030,27,1,,0,0,0,1,
61,,,,,,651,3030,27,1,,0,0,0,1,
61,,,,,,701,3030,27,1,,0,0,0,1,
52,,,,,,601,3079,6,1,,217,217,217,3,
61,,,,,,601,3060,27,1,,0,0,0,1,
52,,,,,,601,3139,6,1,,217,217,217,3,
61,,,,,,601,3120,27,1,,0,0,0,1,
52,,,,,,701,3171,6,1,,217,217,217,3,
61,,,,,,601,3152,27,1,,0,0,0,1,
61,,,,,,651,3152,27,1,,0,0,0,1,
61,,,,,,701,3152,27,1,,0,0,0,1,
52,,,,,,601,3201,6,1,,217,217,217,3,
61,,,,,,601,3182,27,1,,0,0,0,1,
52,,,,,,601,3261,6,1,,217,217,217,3,
61,,,,,,601,3242,27,1,,0,0,0,1,
52,,,,,,701,3294,6,1,,217,217,217,3,
61,,,,,,601,3275,27,1,,0,0,0,1,
61,,,,,,651,3275,27,1,,0,0,0,1,
61,,,,,,701,3275,27,1,,0,0,0,1,
52,,,,,,601,3324,6,1,,217,217,217,3,
61,,,,,,601,3305,27,1,,0,0,0,1,
52,,,,,,601,3384,6,1,,217,217,217,3,
61,,,,,,601,3365,27,1,,0,0,0,1,
52,,,,,,701,3416,6,1,,217,217,217,3,
61,,,,,,601,3397,27,1,,0,0,0,1,
61,,,,,,651,3397,27,1,,0,0,0,1,
61,,,,,,701,3397,27,1,,0,0,0,1,
52,,,,,,601,3446,6,1,,217,217,217,3,
61,,,,,,601,3427,27,1,,0,0,0,1,
52,,,,,,601,3506,6,1,,217,217,217,3,
61,,,,,,601,3487,27,1,,0,0,0,1,
61,,,,,,1076,3521,484,1,,0,0,255,1,
52,,,,,,651,3523,23,1,,217,217,217,3,
61,,,,,,601,3521,27,1,,0,0,0,1,
61,,,,,,651,3521,27,1,,0,0,0,1,
52,,,,,,651,3645,23,1,,217,217,217,3,
61,,,,,,601,3643,27,1,,0,0,0,1,
61,,,,,,651,3643,27,1,,0,0,0,1,
52,,,,,,651,3768,23,1,,217,217,217,3,
61,,,,,,601,3766,27,1,,0,0,0,1,
61,,,,,,651,3766,27,1,,0,0,0,1,
52,,,,,,550,3890,177,3,,217,217,217,3,
52,,,,,,701,3907,6,1,,217,217,217,3,
61,,,,,,601,3888,27,1,,0,0,0,1,
61,,,,,,651,3888,27,1,,0,0,0,1,
61,,,,,,701,3888,27,1,,0,0,0,1,
52,,,,,,651,3920,23,1,,217,217,217,3,
61,,,,,,601,3918,27,1,,0,0,0,1,
61,,,,,,651,3918,27,1,,0,0,0,1,
52,,,,,,651,3980,23,1,,217,217,217,3,
61,,,,,,601,3978,27,1,,0,0,0,1,
61,,,,,,651,3978,27,1,,0,0,0,1,
52,,,,,,601,4091,158,1,,217,217,217,3,
61,,,,,,601,4072,179,1,,0,0,0,1,
61,,,,,,601,4379,27,1,,0,0,0,1,
52,,,,,,651,4411,83,1,,217,217,217,3,
61,,,,,,601,4409,87,1,,0,0,0,1,
61,,,,,,651,4409,87,1,,0,0,0,1,
52,,,,,,550,4627,23,3,,217,217,217,3,
52,,,,,,550,4657,53,3,,217,217,217,3,
52,,,,,,601,4734,129,1,,217,217,217,3,
61,,,,,,601,4715,150,1,,0,0,0,1,
61,,,,,,601,4870,27,1,,0,0,0,1,
52,,,,,,651,4902,83,1,,217,217,217,3,
61,,,,,,601,4900,87,1,,0,0,0,1,
61,,,,,,651,4900,87,1,,0,0,0,1,
52,,,,,,550,5118,53,3,,217,217,217,3,
52,,,,,,550,5178,23,3,,217,217,217,3,
52,,,,,,601,5225,129,1,,217,217,217,3,
61,,,,,,601,5206,150,1,,0,0,0,1,
61,,,,,,601,5361,27,1,,0,0,0,1,
52,,,,,,651,5393,83,1,,217,217,217,3,
61,,,,,,601,5391,87,1,,0,0,0,1,
61,,,,,,651,5391,87,1,,0,0,0,1,
52,,,,,,550,5609,23,3,,217,217,217,3,
52,,,,,,550,5639,83,3,,217,217,217,3,
52,,,,,,601,5749,66,1,,217,217,217,3,
61,,,,,,601,5730,87,1,,0,0,0,1,
61,,,,,,601,5820,119,1,,0,0,0,1,
52,,,,,,651,5944,87,1,,217,217,217,3,
61,,,,,,601,5942,91,1,,0,0,0,1,
61,,,,,,651,5942,91,1,,0,0,0,1,
52,,,,,,550,6038,115,3,,217,217,217,3,
52,,,,,,601,6177,159,1,,217,217,217,3,
61,,,,,,601,6158,180,1,,0,0,0,1,
61,,,,,,601,6343,27,1,,0,0,0,1,
52,,,,,,651,6375,83,1,,217,217,217,3,
61,,,,,,601,6373,87,1,,0,0,0,1,
61,,,,,,651,6373,87,1,,0,0,0,1,
52,,,,,,601,6608,96,1,,217,217,217,3,
61,,,,,,601,6589,117,1,,0,0,0,1,
52,,,,,,651,6714,113,1,,217,217,217,3,
61,,,,,,601,6712,117,1,,0,0,0,1,
61,,,,,,651,6712,117,1,,0,0,0,1,
61,,,,,,601,6864,57,1,,0,0,0,1,
52,,,,,,651,6926,23,1,,217,217,217,3,
61,,,,,,601,6924,27,1,,0,0,0,1,
61,,,,,,651,6924,27,1,,0,0,0,1,
52,,,,,,701,6977,36,1,,217,217,217,3,
61,,,,,,601,6958,57,1,,0,0,0,1,
61,,,,,,651,6958,57,1,,0,0,0,1,
61,,,,,,701,6958,57,1,,0,0,0,1,
52,,,,,,701,7037,6,1,,217,217,217,3,
61,,,,,,601,7018,27,1,,0,0,0,1,
61,,,,,,651,7018,27,1,,0,0,0,1,
61,,,,,,701,7018,27,1,,0,0,0,1,
52,,,,,,651,7050,85,1,,217,217,217,3,
61,,,,,,601,7048,89,1,,0,0,0,1,
61,,,,,,651,7048,89,1,,0,0,0,1,
52,,,,,,701,7159,36,1,,217,217,217,3,
61,,,,,,601,7140,57,1,,0,0,0,1,
61,,,,,,651,7140,57,1,,0,0,0,1,
61,,,,,,701,7140,57,1,,0,0,0,1,
52,,,,,,701,7374,6,1,,217,217,217,3,
61,,,,,,601,7355,27,1,,0,0,0,1,
61,,,,,,651,7355,27,1,,0,0,0,1,
61,,,,,,701,7355,27,1,,0,0,0,1,
52,,,,,,701,7404,6,1,,217,217,217,3,
61,,,,,,601,7385,27,1,,0,0,0,1,
61,,,,,,651,7385,27,1,,0,0,0,1,
61,,,,,,701,7385,27,1,,0,0,0,1,
52,,,,,,701,7434,6,1,,217,217,217,3,
61,,,,,,601,7415,27,1,,0,0,0,1,
61,,,,,,651,7415,27,1,,0,0,0,1,
61,,,,,,701,7415,27,1,,0,0,0,1,
61,,,,,,601,7449,27,1,,0,0,0,1,
52,,,,,,651,7481,23,1,,217,217,217,3,
61,,,,,,601,7479,27,1,,0,0,0,1,
61,,,,,,651,7479,27,1,,0,0,0,1,
61,,,,,,601,7509,119,1,,0,0,0,1,
52,,,,,,601,7650,159,1,,217,217,217,3,
61,,,,,,601,7631,180,1,,0,0,0,1,
52,,,,,,550,7942,113,3,,217,217,217,3,
52,,,,,,601,8081,96,1,,217,217,217,3,
61,,,,,,601,8062,117,1,,0,0,0,1,
52,,,,,,550,8339,23,3,,217,217,217,3,
52,,,,,,550,8369,23,3,,217,217,217,3,
52,,,,,,550,8399,117,3,,217,217,217,3,
52,,,,,,550,8523,23,3,,217,217,217,3,
52,,,,,,601,8602,66,1,,217,217,217,3,
61,,,,,,601,8583,87,1,,0,0,0,1,
52,,,,,,601,8817,6,1,,217,217,217,3,
61,,,,,,601,8798,27,1,,0,0,0,1,
52,,,,,,601,8847,66,1,,217,217,217,3,
61,,,,,,601,8828,87,1,,0,0,0,1,
52,,,,,,701,8941,36,1,,217,217,217,3,
61,,,,,,601,8922,57,1,,0,0,0,1,
61,,,,,,651,8922,57,1,,0,0,0,1,
61,,,,,,701,8922,57,1,,0,0,0,1,
52,,,,,,701,9001,6,1,,217,217,217,3,
61,,,,,,601,8982,27,1,,0,0,0,1,
61,,,,,,651,8982,27,1,,0,0,0,1,
61,,,,,,701,8982,27,1,,0,0,0,1,
52,,,,,,651,9014,115,1,,217,217,217,3,
61,,,,,,601,9012,119,1,,0,0,0,1,
61,,,,,,651,9012,119,1,,0,0,0,1,
52,,,,,,701,9153,129,1,,217,217,217,3,
61,,,,,,601,9134,150,1,,0,0,0,1,
61,,,,,,651,9134,150,1,,0,0,0,1,
61,,,,,,701,9134,150,1,,0,0,0,1,
61,,,,,,601,9319,27,1,,0,0,0,1,
61,,,,,,651,9319,27,1,,0,0,0,1,
61,,,,,,701,9319,27,1,,0,0,0,1,
52,,,,,,701,9368,36,1,,217,217,217,3,
61,,,,,,601,9349,57,1,,0,0,0,1,
61,,,,,,651,9349,57,1,,0,0,0,1,
61,,,,,,701,9349,57,1,,0,0,0,1,
61,,,,,,601,9413,27,1,,0,0,0,1,
52,,,,,,651,9445,23,1,,217,217,217,3,
61,,,,,,601,9443,27,1,,0,0,0,1,
61,,,,,,651,9443,27,1,,0,0,0,1,
61,,,,,,601,9473,89,1,,0,0,0,1,
61,,,,,,601,9565,27,1,,0,0,0,1,
52,,,,,,651,9597,23,1,,217,217,217,3,
61,,,,,,601,9595,27,1,,0,0,0,1,
61,,,,,,651,9595,27,1,,0,0,0,1,
61,,,,,,601,9625,150,1,,0,0,0,1,
52,,,,,,651,9872,23,1,,217,217,217,3,
61,,,,,,601,9870,27,1,,0,0,0,1,
61,,,,,,651,9870,27,1,,0,0,0,1,
61,,,,,,601,9,2,1,,0,0,0,1,
61,,,,,,601,2078,27,1,,0,0,0,1,
61,,,,,,601,2138,27,1,,0,0,0,1,
61,,,,,,601,2200,27,1,,0,0,0,1,
61,,,,,,601,2260,27,1,,0,0,0,1,
61,,,,,,601,2323,27,1,,0,0,0,1,
61,,,,,,601,2383,27,1,,0,0,0,1,
61,,,,,,601,2445,27,1,,0,0,0,1,
61,,,,,,601,2505,27,1,,0,0,0,1,
61,,,,,,601,2569,27,1,,0,0,0,1,
61,,,,,,601,2629,27,1,,0,0,0,1,
61,,,,,,601,2691,27,1,,0,0,0,1,
61,,,,,,601,2751,27,1,,0,0,0,1,
61,,,,,,601,2814,27,1,,0,0,0,1,
61,,,,,,601,2874,27,1,,0,0,0,1,
61,,,,,,601,2936,27,1,,0,0,0,1,
61,,,,,,601,2996,27,1,,0,0,0,1,
61,,,,,,601,3060,27,1,,0,0,0,1,
61,,,,,,601,3120,27,1,,0,0,0,1,
61,,,,,,601,3182,27,1,,0,0,0,1,
61,,,,,,601,3242,27,1,,0,0,0,1,
61,,,,,,601,3305,27,1,,0,0,0,1,
61,,,,,,601,3365,27,1,,0,0,0,1,
61,,,,,,601,3427,27,1,,0,0,0,1,
61,,,,,,601,3487,27,1,,0,0,0,1,
61,,,,,,601,4072,179,1,,0,0,0,1,
61,,,,,,601,4715,150,1,,0,0,0,1,
61,,,,,,601,5206,150,1,,0,0,0,1,
61,,,,,,601,5730,87,1,,0,0,0,1,
61,,,,,,601,6158,180,1,,0,0,0,1,
61,,,,,,601,6589,117,1,,0,0,0,1,
61,,,,,,601,7631,180,1,,0,0,0,1,
61,,,,,,601,8062,117,1,,0,0,0,1,
61,,,,,,601,8583,87,1,,0,0,0,1,
61,,,,,,601,8798,27,1,,0,0,0,1,
61,,,,,,601,8828,87,1,,0,0,0,1,